ItemId,AvgCost
1,13.541666666666666
2,100.0
3,28.0
4,50.0
5,13.214285714285714
6,75.0
7,40.0
8,60.0
9,90.0
10,110.0
